episode,mean_reward,sd_reward,min_reward,max_reward,mean_td_error,sd_td_error,min_td_error,max_td_error
0,-0.1087550430632598,0.1087550430632598,-0.2175100861265196,0.0,-0.1087550430632598,0.1087550430632598,-0.2175100861265196,0.0
10000,3.0562871068927917,2.3682128386638466,-0.21761166314262065,4.986184489442036,0.3788171068927991,1.5134553812016631,-4.402179382786866,4.8878206172131105
