episode,mean_reward,sd_reward,min_reward,max_reward,mean_td_error,sd_td_error,min_td_error,max_td_error
0,-0.10872689124434967,0.10872689124434967,-0.21745378248869934,0.0,-0.10872689124434967,0.10872689124434967,-0.21745378248869934,0.0
10000,3.2172376344159237,2.307711730416197,-0.21761642741746148,4.986184489442036,0.4598776344159308,1.6653314252106555,-4.418384326986392,4.87161567301358
